Operation,Parameters,Query,ObjectType,NonPIIParameters,UserServicePlan,UserType,ObjectId,SecurityComplianceCenterEventType,ResultStatus,SharepointLocations,Case,OrganizationId,ClientApplication,PublicFolderLocations,UserKey,UserId,CreationTime,CmdletVersion,Version,RecordType,ExtendedProperties,Workload,ExchangeLocations,Id,StartTime,EffectiveOrganization
Get-ComplianceSearch,*REDACTED*,,,"-ResultSize ""2000""",,2,*REDACTED*,0,Success,,,*REDACTED*,*REDACTED*,,*REDACTED*,*REDACTED*,2019-12-02T20:24:42,...,1,18,,SecurityComplianceCenter,,*REDACTED*,2019-12-02T20:24:42,*REDACTED*
Get-ComplianceSearch,*REDACTED*,,,"-ResultSize ""2000""",,2,*REDACTED*,0,Success,,,*REDACTED*,*REDACTED*,,*REDACTED*,*REDACTED*,2019-12-02T20:24:42,...,1,18,,SecurityComplianceCenter,,*REDACTED*,2019-12-02T20:24:42,*REDACTED*
SearchViewed,*REDACTED*,*REDACTED*,Search,,,0,*REDACTED*,,,,,*REDACTED*,,,*REDACTED*,*REDACTED*,2019-12-02T20:24:46,,1,24,*REDACTED*,SecurityComplianceCenter,*REDACTED*,*REDACTED*,,
Get-ComplianceSearchAction,*REDACTED*,,,"-Identity ""<SNIP-PII>""",,2,*REDACTED*,0,Success,,,*REDACTED*,*REDACTED*,,*REDACTED*,*REDACTED*,2019-12-02T20:24:46,...,1,18,,SecurityComplianceCenter,,*REDACTED*,2019-12-02T20:24:46,*REDACTED*
Get-ComplianceSearch,*REDACTED*,,,"-Identity ""<SNIP-PII>""",,2,*REDACTED*,0,Success,,,*REDACTED*,*REDACTED*,,*REDACTED*,*REDACTED*,2019-12-02T20:24:46,...,1,18,,SecurityComplianceCenter,,*REDACTED*,2019-12-02T20:24:46,*REDACTED*
SearchViewed,*REDACTED*,*REDACTED*,Search,,,0,*REDACTED*,,,,,*REDACTED*,,,*REDACTED*,*REDACTED*,2019-12-02T20:24:46,,1,24,*REDACTED*,SecurityComplianceCenter,*REDACTED*,*REDACTED*,,
Get-ComplianceSearchAction,*REDACTED*,,,"-Identity ""<SNIP-PII>""",,2,*REDACTED*,0,Success,,,*REDACTED*,*REDACTED*,,*REDACTED*,*REDACTED*,2019-12-02T20:24:46,...,1,18,,SecurityComplianceCenter,,*REDACTED*,2019-12-02T20:24:46,*REDACTED*
Get-ComplianceSearch,*REDACTED*,,,"-Identity ""<SNIP-PII>""",,2,*REDACTED*,0,Success,,,*REDACTED*,*REDACTED*,,*REDACTED*,*REDACTED*,2019-12-02T20:24:46,...,1,18,,SecurityComplianceCenter,,*REDACTED*,2019-12-02T20:24:46,*REDACTED*
ViewedSearchReport,*REDACTED*,*REDACTED*,SearchAction,,,0,*REDACTED*,,,,,*REDACTED*,,,*REDACTED*,*REDACTED*,2019-12-02T20:24:47,,1,24,*REDACTED*,SecurityComplianceCenter,*REDACTED*,*REDACTED*,,
ViewedSearchExported,*REDACTED*,*REDACTED*,SearchAction,,,0,*REDACTED*,,,,,*REDACTED*,,,*REDACTED*,*REDACTED*,2019-12-02T20:24:47,,1,24,*REDACTED*,SecurityComplianceCenter,*REDACTED*,*REDACTED*,,
Get-ComplianceSearchAction,*REDACTED*,,,"-Identity ""<SNIP-PII>""",,2,*REDACTED*,0,Error,,,*REDACTED*,*REDACTED*,,*REDACTED*,*REDACTED*,2019-12-02T20:24:47,...,1,18,,SecurityComplianceCenter,,*REDACTED*,2019-12-02T20:24:47,*REDACTED*
Get-ComplianceSearchAction,*REDACTED*,,,"-Identity ""<SNIP-PII>""",,2,*REDACTED*,0,Success,,,*REDACTED*,*REDACTED*,,*REDACTED*,*REDACTED*,2019-12-02T20:24:47,...,1,18,,SecurityComplianceCenter,,*REDACTED*,2019-12-02T20:24:47,*REDACTED*
ViewedSearchReport,*REDACTED*,*REDACTED*,SearchAction,,,0,*REDACTED*,,,,,*REDACTED*,,,*REDACTED*,*REDACTED*,2019-12-02T20:24:47,,1,24,*REDACTED*,SecurityComplianceCenter,*REDACTED*,*REDACTED*,,
ViewedSearchExported,*REDACTED*,*REDACTED*,SearchAction,,,0,*REDACTED*,,,,,*REDACTED*,,,*REDACTED*,*REDACTED*,2019-12-02T20:24:47,,1,24,*REDACTED*,SecurityComplianceCenter,*REDACTED*,*REDACTED*,,
Get-ComplianceSearchAction,*REDACTED*,,,"-Identity ""<SNIP-PII>""",,2,*REDACTED*,0,Error,,,*REDACTED*,*REDACTED*,,*REDACTED*,*REDACTED*,2019-12-02T20:24:47,...,1,18,,SecurityComplianceCenter,,*REDACTED*,2019-12-02T20:24:47,*REDACTED*
Get-ComplianceSearchAction,*REDACTED*,,,"-Identity ""<SNIP-PII>""",,2,*REDACTED*,0,Success,,,*REDACTED*,*REDACTED*,,*REDACTED*,*REDACTED*,2019-12-02T20:24:47,...,1,18,,SecurityComplianceCenter,,*REDACTED*,2019-12-02T20:24:47,*REDACTED*
SearchCreated,*REDACTED*,*REDACTED*,Search,,,0,*REDACTED*,,,,,*REDACTED*,,,*REDACTED*,*REDACTED*,2019-12-02T20:26:00,,1,24,*REDACTED*,SecurityComplianceCenter,*REDACTED*,*REDACTED*,,
SearchCreated,*REDACTED*,*REDACTED*,Search,,,0,*REDACTED*,,,,,*REDACTED*,,,*REDACTED*,*REDACTED*,2019-12-02T20:26:00,,1,24,*REDACTED*,SecurityComplianceCenter,*REDACTED*,*REDACTED*,,
SearchViewed,*REDACTED*,*REDACTED*,Search,,,0,*REDACTED*,,,,,*REDACTED*,,,*REDACTED*,*REDACTED*,2019-12-02T20:26:02,,1,24,*REDACTED*,SecurityComplianceCenter,*REDACTED*,*REDACTED*,,
SearchStarted,*REDACTED*,*REDACTED*,Search,,,0,*REDACTED*,,,,,*REDACTED*,,,*REDACTED*,*REDACTED*,2019-12-02T20:26:02,,1,24,*REDACTED*,SecurityComplianceCenter,*REDACTED*,*REDACTED*,,
SearchViewed,*REDACTED*,*REDACTED*,Search,,,0,*REDACTED*,,,,,*REDACTED*,,,*REDACTED*,*REDACTED*,2019-12-02T20:26:02,,1,24,*REDACTED*,SecurityComplianceCenter,*REDACTED*,*REDACTED*,,
SearchStarted,*REDACTED*,*REDACTED*,Search,,,0,*REDACTED*,,,,,*REDACTED*,,,*REDACTED*,*REDACTED*,2019-12-02T20:26:02,,1,24,*REDACTED*,SecurityComplianceCenter,*REDACTED*,*REDACTED*,,
SearchViewed,*REDACTED*,*REDACTED*,Search,,,0,*REDACTED*,,,,,*REDACTED*,,,*REDACTED*,*REDACTED*,2019-12-02T20:26:05,,1,24,*REDACTED*,SecurityComplianceCenter,*REDACTED*,*REDACTED*,,
SearchViewed,*REDACTED*,*REDACTED*,Search,,,0,*REDACTED*,,,,,*REDACTED*,,,*REDACTED*,*REDACTED*,2019-12-02T20:26:05,,1,24,*REDACTED*,SecurityComplianceCenter,*REDACTED*,*REDACTED*,,
SearchViewed,*REDACTED*,*REDACTED*,Search,,,0,*REDACTED*,,,,,*REDACTED*,,,*REDACTED*,*REDACTED*,2019-12-02T20:26:10,,1,24,*REDACTED*,SecurityComplianceCenter,*REDACTED*,*REDACTED*,,
SearchViewed,*REDACTED*,*REDACTED*,Search,,,0,*REDACTED*,,,,,*REDACTED*,,,*REDACTED*,*REDACTED*,2019-12-02T20:26:10,,1,24,*REDACTED*,SecurityComplianceCenter,*REDACTED*,*REDACTED*,,
SearchViewed,*REDACTED*,*REDACTED*,Search,,,0,*REDACTED*,,,,,*REDACTED*,,,*REDACTED*,*REDACTED*,2019-12-02T20:26:15,,1,24,*REDACTED*,SecurityComplianceCenter,*REDACTED*,*REDACTED*,,
SearchViewed,*REDACTED*,*REDACTED*,Search,,,0,*REDACTED*,,,,,*REDACTED*,,,*REDACTED*,*REDACTED*,2019-12-02T20:26:15,,1,24,*REDACTED*,SecurityComplianceCenter,*REDACTED*,*REDACTED*,,
SearchPreviewed,*REDACTED*,*REDACTED*,SearchAction,,,0,*REDACTED*,,,,,*REDACTED*,,,*REDACTED*,*REDACTED*,2019-12-02T20:26:52,,1,24,*REDACTED*,SecurityComplianceCenter,*REDACTED*,*REDACTED*,,
SearchPreviewed,*REDACTED*,*REDACTED*,SearchAction,,,0,*REDACTED*,,,,,*REDACTED*,,,*REDACTED*,*REDACTED*,2019-12-02T20:26:52,,1,24,*REDACTED*,SecurityComplianceCenter,*REDACTED*,*REDACTED*,,
ViewedSearchPreviewed,*REDACTED*,*REDACTED*,SearchAction,,,0,*REDACTED*,,,,,*REDACTED*,,,*REDACTED*,*REDACTED*,2019-12-02T20:26:54,,1,24,*REDACTED*,SecurityComplianceCenter,*REDACTED*,*REDACTED*,,
ViewedSearchPreviewed,*REDACTED*,*REDACTED*,SearchAction,,,0,*REDACTED*,,,,,*REDACTED*,,,*REDACTED*,*REDACTED*,2019-12-02T20:26:54,,1,24,*REDACTED*,SecurityComplianceCenter,*REDACTED*,*REDACTED*,,
ViewedSearchPreviewed,*REDACTED*,*REDACTED*,SearchAction,,,0,*REDACTED*,,,,,*REDACTED*,,,*REDACTED*,*REDACTED*,2019-12-02T20:26:59,,1,24,*REDACTED*,SecurityComplianceCenter,*REDACTED*,*REDACTED*,,
ViewedSearchPreviewed,*REDACTED*,*REDACTED*,SearchAction,,,0,*REDACTED*,,,,,*REDACTED*,,,*REDACTED*,*REDACTED*,2019-12-02T20:26:59,,1,24,*REDACTED*,SecurityComplianceCenter,*REDACTED*,*REDACTED*,,
ViewedSearchPreviewed,*REDACTED*,*REDACTED*,SearchAction,,,0,*REDACTED*,,,,,*REDACTED*,,,*REDACTED*,*REDACTED*,2019-12-02T20:27:05,,1,24,*REDACTED*,SecurityComplianceCenter,*REDACTED*,*REDACTED*,,
ViewedSearchPreviewed,*REDACTED*,*REDACTED*,SearchAction,,,0,*REDACTED*,,,,,*REDACTED*,,,*REDACTED*,*REDACTED*,2019-12-02T20:27:05,,1,24,*REDACTED*,SecurityComplianceCenter,*REDACTED*,*REDACTED*,,
ViewedSearchPreviewed,*REDACTED*,*REDACTED*,SearchAction,,,0,*REDACTED*,,,,,*REDACTED*,,,*REDACTED*,*REDACTED*,2019-12-02T20:27:15,,1,24,*REDACTED*,SecurityComplianceCenter,*REDACTED*,*REDACTED*,,
ViewedSearchPreviewed,*REDACTED*,*REDACTED*,SearchAction,,,0,*REDACTED*,,,,,*REDACTED*,,,*REDACTED*,*REDACTED*,2019-12-02T20:27:15,,1,24,*REDACTED*,SecurityComplianceCenter,*REDACTED*,*REDACTED*,,
SearchViewed,*REDACTED*,*REDACTED*,Search,,,0,*REDACTED*,,,,,*REDACTED*,,,*REDACTED*,*REDACTED*,2019-12-02T20:28:52,,1,24,*REDACTED*,SecurityComplianceCenter,*REDACTED*,*REDACTED*,,
SearchUpdated,*REDACTED*,*REDACTED*,Search,,,0,*REDACTED*,,,,,*REDACTED*,,,*REDACTED*,*REDACTED*,2019-12-02T20:28:52,,1,24,*REDACTED*,SecurityComplianceCenter,*REDACTED*,*REDACTED*,,
SearchViewed,*REDACTED*,*REDACTED*,Search,,,0,*REDACTED*,,,,,*REDACTED*,,,*REDACTED*,*REDACTED*,2019-12-02T20:28:52,,1,24,*REDACTED*,SecurityComplianceCenter,*REDACTED*,*REDACTED*,,
SearchUpdated,*REDACTED*,*REDACTED*,Search,,,0,*REDACTED*,,,,,*REDACTED*,,,*REDACTED*,*REDACTED*,2019-12-02T20:28:52,,1,24,*REDACTED*,SecurityComplianceCenter,*REDACTED*,*REDACTED*,,
SearchViewed,*REDACTED*,*REDACTED*,Search,,,0,*REDACTED*,,,,,*REDACTED*,,,*REDACTED*,*REDACTED*,2019-12-02T20:28:53,,1,24,*REDACTED*,SecurityComplianceCenter,*REDACTED*,*REDACTED*,,
SearchStarted,*REDACTED*,*REDACTED*,Search,,,0,*REDACTED*,,,,,*REDACTED*,,,*REDACTED*,*REDACTED*,2019-12-02T20:28:53,,1,24,*REDACTED*,SecurityComplianceCenter,*REDACTED*,*REDACTED*,,
SearchViewed,*REDACTED*,*REDACTED*,Search,,,0,*REDACTED*,,,,,*REDACTED*,,,*REDACTED*,*REDACTED*,2019-12-02T20:28:53,,1,24,*REDACTED*,SecurityComplianceCenter,*REDACTED*,*REDACTED*,,
SearchStarted,*REDACTED*,*REDACTED*,Search,,,0,*REDACTED*,,,,,*REDACTED*,,,*REDACTED*,*REDACTED*,2019-12-02T20:28:53,,1,24,*REDACTED*,SecurityComplianceCenter,*REDACTED*,*REDACTED*,,
SearchViewed,*REDACTED*,*REDACTED*,Search,,,0,*REDACTED*,,,,,*REDACTED*,,,*REDACTED*,*REDACTED*,2019-12-02T20:28:56,,1,24,*REDACTED*,SecurityComplianceCenter,*REDACTED*,*REDACTED*,,
SearchViewed,*REDACTED*,*REDACTED*,Search,,,0,*REDACTED*,,,,,*REDACTED*,,,*REDACTED*,*REDACTED*,2019-12-02T20:28:56,,1,24,*REDACTED*,SecurityComplianceCenter,*REDACTED*,*REDACTED*,,
SearchViewed,*REDACTED*,*REDACTED*,Search,,,0,*REDACTED*,,,,,*REDACTED*,,,*REDACTED*,*REDACTED*,2019-12-02T20:29:01,,1,24,*REDACTED*,SecurityComplianceCenter,*REDACTED*,*REDACTED*,,
SearchViewed,*REDACTED*,*REDACTED*,Search,,,0,*REDACTED*,,,,,*REDACTED*,,,*REDACTED*,*REDACTED*,2019-12-02T20:29:01,,1,24,*REDACTED*,SecurityComplianceCenter,*REDACTED*,*REDACTED*,,
SearchUpdated,*REDACTED*,*REDACTED*,Search,,,0,*REDACTED*,,,,,*REDACTED*,,,*REDACTED*,*REDACTED*,2019-12-02T20:30:03,,1,24,*REDACTED*,SecurityComplianceCenter,*REDACTED*,*REDACTED*,,
SearchUpdated,*REDACTED*,*REDACTED*,Search,,,0,*REDACTED*,,,,,*REDACTED*,,,*REDACTED*,*REDACTED*,2019-12-02T20:30:03,,1,24,*REDACTED*,SecurityComplianceCenter,*REDACTED*,*REDACTED*,,
SearchStarted,*REDACTED*,*REDACTED*,Search,,,0,*REDACTED*,,,,,*REDACTED*,,,*REDACTED*,*REDACTED*,2019-12-02T20:30:04,,1,24,*REDACTED*,SecurityComplianceCenter,*REDACTED*,*REDACTED*,,
SearchViewed,*REDACTED*,*REDACTED*,Search,,,0,*REDACTED*,,,,,*REDACTED*,,,*REDACTED*,*REDACTED*,2019-12-02T20:30:04,,1,24,*REDACTED*,SecurityComplianceCenter,*REDACTED*,*REDACTED*,,
SearchStarted,*REDACTED*,*REDACTED*,Search,,,0,*REDACTED*,,,,,*REDACTED*,,,*REDACTED*,*REDACTED*,2019-12-02T20:30:04,,1,24,*REDACTED*,SecurityComplianceCenter,*REDACTED*,*REDACTED*,,
SearchViewed,*REDACTED*,*REDACTED*,Search,,,0,*REDACTED*,,,,,*REDACTED*,,,*REDACTED*,*REDACTED*,2019-12-02T20:30:04,,1,24,*REDACTED*,SecurityComplianceCenter,*REDACTED*,*REDACTED*,,
SearchViewed,*REDACTED*,*REDACTED*,Search,,,0,*REDACTED*,,,,,*REDACTED*,,,*REDACTED*,*REDACTED*,2019-12-02T20:30:05,,1,24,*REDACTED*,SecurityComplianceCenter,*REDACTED*,*REDACTED*,,
SearchViewed,*REDACTED*,*REDACTED*,Search,,,0,*REDACTED*,,,,,*REDACTED*,,,*REDACTED*,*REDACTED*,2019-12-02T20:30:05,,1,24,*REDACTED*,SecurityComplianceCenter,*REDACTED*,*REDACTED*,,
SearchViewed,*REDACTED*,*REDACTED*,Search,,,0,*REDACTED*,,,,,*REDACTED*,,,*REDACTED*,*REDACTED*,2019-12-02T20:30:07,,1,24,*REDACTED*,SecurityComplianceCenter,*REDACTED*,*REDACTED*,,
SearchViewed,*REDACTED*,*REDACTED*,Search,,,0,*REDACTED*,,,,,*REDACTED*,,,*REDACTED*,*REDACTED*,2019-12-02T20:30:07,,1,24,*REDACTED*,SecurityComplianceCenter,*REDACTED*,*REDACTED*,,
SearchViewed,*REDACTED*,*REDACTED*,Search,,,0,*REDACTED*,,,,,*REDACTED*,,,*REDACTED*,*REDACTED*,2019-12-02T20:30:12,,1,24,*REDACTED*,SecurityComplianceCenter,*REDACTED*,*REDACTED*,,
SearchViewed,*REDACTED*,*REDACTED*,Search,,,0,*REDACTED*,,,,,*REDACTED*,,,*REDACTED*,*REDACTED*,2019-12-02T20:30:12,,1,24,*REDACTED*,SecurityComplianceCenter,*REDACTED*,*REDACTED*,,
SearchViewed,*REDACTED*,*REDACTED*,Search,,,0,*REDACTED*,,,,,*REDACTED*,,,*REDACTED*,*REDACTED*,2019-12-02T20:31:17,,1,24,*REDACTED*,SecurityComplianceCenter,*REDACTED*,*REDACTED*,,
SearchUpdated,*REDACTED*,*REDACTED*,Search,,,0,*REDACTED*,,,,,*REDACTED*,,,*REDACTED*,*REDACTED*,2019-12-02T20:31:17,,1,24,*REDACTED*,SecurityComplianceCenter,*REDACTED*,*REDACTED*,,
SearchViewed,*REDACTED*,*REDACTED*,Search,,,0,*REDACTED*,,,,,*REDACTED*,,,*REDACTED*,*REDACTED*,2019-12-02T20:31:17,,1,24,*REDACTED*,SecurityComplianceCenter,*REDACTED*,*REDACTED*,,
SearchUpdated,*REDACTED*,*REDACTED*,Search,,,0,*REDACTED*,,,,,*REDACTED*,,,*REDACTED*,*REDACTED*,2019-12-02T20:31:17,,1,24,*REDACTED*,SecurityComplianceCenter,*REDACTED*,*REDACTED*,,
SearchViewed,*REDACTED*,*REDACTED*,Search,,,0,*REDACTED*,,,,,*REDACTED*,,,*REDACTED*,*REDACTED*,2019-12-02T20:31:18,,1,24,*REDACTED*,SecurityComplianceCenter,*REDACTED*,*REDACTED*,,
SearchStarted,*REDACTED*,*REDACTED*,Search,,,0,*REDACTED*,,,,,*REDACTED*,,,*REDACTED*,*REDACTED*,2019-12-02T20:31:18,,1,24,*REDACTED*,SecurityComplianceCenter,*REDACTED*,*REDACTED*,,
SearchViewed,*REDACTED*,*REDACTED*,Search,,,0,*REDACTED*,,,,,*REDACTED*,,,*REDACTED*,*REDACTED*,2019-12-02T20:31:18,,1,24,*REDACTED*,SecurityComplianceCenter,*REDACTED*,*REDACTED*,,
SearchStarted,*REDACTED*,*REDACTED*,Search,,,0,*REDACTED*,,,,,*REDACTED*,,,*REDACTED*,*REDACTED*,2019-12-02T20:31:18,,1,24,*REDACTED*,SecurityComplianceCenter,*REDACTED*,*REDACTED*,,
SearchViewed,*REDACTED*,*REDACTED*,Search,,,0,*REDACTED*,,,,,*REDACTED*,,,*REDACTED*,*REDACTED*,2019-12-02T20:31:20,,1,24,*REDACTED*,SecurityComplianceCenter,*REDACTED*,*REDACTED*,,
SearchViewed,*REDACTED*,*REDACTED*,Search,,,0,*REDACTED*,,,,,*REDACTED*,,,*REDACTED*,*REDACTED*,2019-12-02T20:31:20,,1,24,*REDACTED*,SecurityComplianceCenter,*REDACTED*,*REDACTED*,,
SearchViewed,*REDACTED*,*REDACTED*,Search,,,0,*REDACTED*,,,,,*REDACTED*,,,*REDACTED*,*REDACTED*,2019-12-02T20:31:26,,1,24,*REDACTED*,SecurityComplianceCenter,*REDACTED*,*REDACTED*,,
SearchViewed,*REDACTED*,*REDACTED*,Search,,,0,*REDACTED*,,,,,*REDACTED*,,,*REDACTED*,*REDACTED*,2019-12-02T20:31:26,,1,24,*REDACTED*,SecurityComplianceCenter,*REDACTED*,*REDACTED*,,
SearchPreviewed,*REDACTED*,*REDACTED*,SearchAction,,,0,*REDACTED*,,,,,*REDACTED*,,,*REDACTED*,*REDACTED*,2019-12-02T20:33:29,,1,24,*REDACTED*,SecurityComplianceCenter,*REDACTED*,*REDACTED*,,
SearchPreviewed,*REDACTED*,*REDACTED*,SearchAction,,,0,*REDACTED*,,,,,*REDACTED*,,,*REDACTED*,*REDACTED*,2019-12-02T20:33:29,,1,24,*REDACTED*,SecurityComplianceCenter,*REDACTED*,*REDACTED*,,
ViewedSearchPreviewed,*REDACTED*,*REDACTED*,SearchAction,,,0,*REDACTED*,,,,,*REDACTED*,,,*REDACTED*,*REDACTED*,2019-12-02T20:33:32,,1,24,*REDACTED*,SecurityComplianceCenter,*REDACTED*,*REDACTED*,,
ViewedSearchPreviewed,*REDACTED*,*REDACTED*,SearchAction,,,0,*REDACTED*,,,,,*REDACTED*,,,*REDACTED*,*REDACTED*,2019-12-02T20:33:32,,1,24,*REDACTED*,SecurityComplianceCenter,*REDACTED*,*REDACTED*,,
ViewedSearchPreviewed,*REDACTED*,*REDACTED*,SearchAction,,,0,*REDACTED*,,,,,*REDACTED*,,,*REDACTED*,*REDACTED*,2019-12-02T20:33:37,,1,24,*REDACTED*,SecurityComplianceCenter,*REDACTED*,*REDACTED*,,
ViewedSearchPreviewed,*REDACTED*,*REDACTED*,SearchAction,,,0,*REDACTED*,,,,,*REDACTED*,,,*REDACTED*,*REDACTED*,2019-12-02T20:33:37,,1,24,*REDACTED*,SecurityComplianceCenter,*REDACTED*,*REDACTED*,,
ViewedSearchPreviewed,*REDACTED*,*REDACTED*,SearchAction,,,0,*REDACTED*,,,,,*REDACTED*,,,*REDACTED*,*REDACTED*,2019-12-02T20:33:42,,1,24,*REDACTED*,SecurityComplianceCenter,*REDACTED*,*REDACTED*,,
ViewedSearchPreviewed,*REDACTED*,*REDACTED*,SearchAction,,,0,*REDACTED*,,,,,*REDACTED*,,,*REDACTED*,*REDACTED*,2019-12-02T20:33:42,,1,24,*REDACTED*,SecurityComplianceCenter,*REDACTED*,*REDACTED*,,
ViewedSearchPreviewed,*REDACTED*,*REDACTED*,SearchAction,,,0,*REDACTED*,,,,,*REDACTED*,,,*REDACTED*,*REDACTED*,2019-12-02T20:33:53,,1,24,*REDACTED*,SecurityComplianceCenter,*REDACTED*,*REDACTED*,,
ViewedSearchPreviewed,*REDACTED*,*REDACTED*,SearchAction,,,0,*REDACTED*,,,,,*REDACTED*,,,*REDACTED*,*REDACTED*,2019-12-02T20:33:53,,1,24,*REDACTED*,SecurityComplianceCenter,*REDACTED*,*REDACTED*,,
ViewedSearchPreviewed,*REDACTED*,*REDACTED*,SearchAction,,,0,*REDACTED*,,,,,*REDACTED*,,,*REDACTED*,*REDACTED*,2019-12-02T20:34:03,,1,24,*REDACTED*,SecurityComplianceCenter,*REDACTED*,*REDACTED*,,
ViewedSearchPreviewed,*REDACTED*,*REDACTED*,SearchAction,,,0,*REDACTED*,,,,,*REDACTED*,,,*REDACTED*,*REDACTED*,2019-12-02T20:34:03,,1,24,*REDACTED*,SecurityComplianceCenter,*REDACTED*,*REDACTED*,,
SearchViewed,*REDACTED*,*REDACTED*,Search,,,0,*REDACTED*,,,,,*REDACTED*,,,*REDACTED*,*REDACTED*,2019-12-02T20:39:51,,1,24,*REDACTED*,SecurityComplianceCenter,*REDACTED*,*REDACTED*,,
SearchUpdated,*REDACTED*,*REDACTED*,Search,,,0,*REDACTED*,,,,,*REDACTED*,,,*REDACTED*,*REDACTED*,2019-12-02T20:39:51,,1,24,*REDACTED*,SecurityComplianceCenter,*REDACTED*,*REDACTED*,,
SearchViewed,*REDACTED*,*REDACTED*,Search,,,0,*REDACTED*,,,,,*REDACTED*,,,*REDACTED*,*REDACTED*,2019-12-02T20:39:51,,1,24,*REDACTED*,SecurityComplianceCenter,*REDACTED*,*REDACTED*,,
SearchUpdated,*REDACTED*,*REDACTED*,Search,,,0,*REDACTED*,,,,,*REDACTED*,,,*REDACTED*,*REDACTED*,2019-12-02T20:39:51,,1,24,*REDACTED*,SecurityComplianceCenter,*REDACTED*,*REDACTED*,,
SearchViewed,*REDACTED*,*REDACTED*,Search,,,0,*REDACTED*,,,,,*REDACTED*,,,*REDACTED*,*REDACTED*,2019-12-02T20:39:52,,1,24,*REDACTED*,SecurityComplianceCenter,*REDACTED*,*REDACTED*,,
SearchStarted,*REDACTED*,*REDACTED*,Search,,,0,*REDACTED*,,,,,*REDACTED*,,,*REDACTED*,*REDACTED*,2019-12-02T20:39:52,,1,24,*REDACTED*,SecurityComplianceCenter,*REDACTED*,*REDACTED*,,
SearchViewed,*REDACTED*,*REDACTED*,Search,,,0,*REDACTED*,,,,,*REDACTED*,,,*REDACTED*,*REDACTED*,2019-12-02T20:39:52,,1,24,*REDACTED*,SecurityComplianceCenter,*REDACTED*,*REDACTED*,,
SearchStarted,*REDACTED*,*REDACTED*,Search,,,0,*REDACTED*,,,,,*REDACTED*,,,*REDACTED*,*REDACTED*,2019-12-02T20:39:52,,1,24,*REDACTED*,SecurityComplianceCenter,*REDACTED*,*REDACTED*,,
SearchViewed,*REDACTED*,*REDACTED*,Search,,,0,*REDACTED*,,,,,*REDACTED*,,,*REDACTED*,*REDACTED*,2019-12-02T20:39:54,,1,24,*REDACTED*,SecurityComplianceCenter,*REDACTED*,*REDACTED*,,
SearchViewed,*REDACTED*,*REDACTED*,Search,,,0,*REDACTED*,,,,,*REDACTED*,,,*REDACTED*,*REDACTED*,2019-12-02T20:39:54,,1,24,*REDACTED*,SecurityComplianceCenter,*REDACTED*,*REDACTED*,,
SearchViewed,*REDACTED*,*REDACTED*,Search,,,0,*REDACTED*,,,,,*REDACTED*,,,*REDACTED*,*REDACTED*,2019-12-02T20:40:00,,1,24,*REDACTED*,SecurityComplianceCenter,*REDACTED*,*REDACTED*,,
SearchViewed,*REDACTED*,*REDACTED*,Search,,,0,*REDACTED*,,,,,*REDACTED*,,,*REDACTED*,*REDACTED*,2019-12-02T20:40:00,,1,24,*REDACTED*,SecurityComplianceCenter,*REDACTED*,*REDACTED*,,
SearchViewed,*REDACTED*,*REDACTED*,Search,,,0,*REDACTED*,,,,,*REDACTED*,,,*REDACTED*,*REDACTED*,2019-12-02T20:40:05,,1,24,*REDACTED*,SecurityComplianceCenter,*REDACTED*,*REDACTED*,,
SearchViewed,*REDACTED*,*REDACTED*,Search,,,0,*REDACTED*,,,,,*REDACTED*,,,*REDACTED*,*REDACTED*,2019-12-02T20:40:05,,1,24,*REDACTED*,SecurityComplianceCenter,*REDACTED*,*REDACTED*,,
SearchPreviewed,*REDACTED*,*REDACTED*,SearchAction,,,0,*REDACTED*,,,,,*REDACTED*,,,*REDACTED*,*REDACTED*,2019-12-02T20:40:09,,1,24,*REDACTED*,SecurityComplianceCenter,*REDACTED*,*REDACTED*,,
SearchPreviewed,*REDACTED*,*REDACTED*,SearchAction,,,0,*REDACTED*,,,,,*REDACTED*,,,*REDACTED*,*REDACTED*,2019-12-02T20:40:09,,1,24,*REDACTED*,SecurityComplianceCenter,*REDACTED*,*REDACTED*,,
ViewedSearchPreviewed,*REDACTED*,*REDACTED*,SearchAction,,,0,*REDACTED*,,,,,*REDACTED*,,,*REDACTED*,*REDACTED*,2019-12-02T20:40:11,,1,24,*REDACTED*,SecurityComplianceCenter,*REDACTED*,*REDACTED*,,
ViewedSearchPreviewed,*REDACTED*,*REDACTED*,SearchAction,,,0,*REDACTED*,,,,,*REDACTED*,,,*REDACTED*,*REDACTED*,2019-12-02T20:40:11,,1,24,*REDACTED*,SecurityComplianceCenter,*REDACTED*,*REDACTED*,,
ViewedSearchPreviewed,*REDACTED*,*REDACTED*,SearchAction,,,0,*REDACTED*,,,,,*REDACTED*,,,*REDACTED*,*REDACTED*,2019-12-02T20:40:17,,1,24,*REDACTED*,SecurityComplianceCenter,*REDACTED*,*REDACTED*,,
ViewedSearchPreviewed,*REDACTED*,*REDACTED*,SearchAction,,,0,*REDACTED*,,,,,*REDACTED*,,,*REDACTED*,*REDACTED*,2019-12-02T20:40:17,,1,24,*REDACTED*,SecurityComplianceCenter,*REDACTED*,*REDACTED*,,
SearchUpdated,*REDACTED*,*REDACTED*,Search,,,0,*REDACTED*,,,,,*REDACTED*,,,*REDACTED*,*REDACTED*,2019-12-02T20:52:10,,1,24,*REDACTED*,SecurityComplianceCenter,*REDACTED*,*REDACTED*,,
SearchUpdated,*REDACTED*,*REDACTED*,Search,,,0,*REDACTED*,,,,,*REDACTED*,,,*REDACTED*,*REDACTED*,2019-12-02T20:52:10,,1,24,*REDACTED*,SecurityComplianceCenter,*REDACTED*,*REDACTED*,,
SearchStarted,*REDACTED*,*REDACTED*,Search,,,0,*REDACTED*,,,,,*REDACTED*,,,*REDACTED*,*REDACTED*,2019-12-02T20:52:11,,1,24,*REDACTED*,SecurityComplianceCenter,*REDACTED*,*REDACTED*,,
SearchViewed,*REDACTED*,*REDACTED*,Search,,,0,*REDACTED*,,,,,*REDACTED*,,,*REDACTED*,*REDACTED*,2019-12-02T20:52:11,,1,24,*REDACTED*,SecurityComplianceCenter,*REDACTED*,*REDACTED*,,
SearchStarted,*REDACTED*,*REDACTED*,Search,,,0,*REDACTED*,,,,,*REDACTED*,,,*REDACTED*,*REDACTED*,2019-12-02T20:52:11,,1,24,*REDACTED*,SecurityComplianceCenter,*REDACTED*,*REDACTED*,,
SearchViewed,*REDACTED*,*REDACTED*,Search,,,0,*REDACTED*,,,,,*REDACTED*,,,*REDACTED*,*REDACTED*,2019-12-02T20:52:11,,1,24,*REDACTED*,SecurityComplianceCenter,*REDACTED*,*REDACTED*,,
SearchViewed,*REDACTED*,*REDACTED*,Search,,,0,*REDACTED*,,,,,*REDACTED*,,,*REDACTED*,*REDACTED*,2019-12-02T20:52:12,,1,24,*REDACTED*,SecurityComplianceCenter,*REDACTED*,*REDACTED*,,
SearchViewed,*REDACTED*,*REDACTED*,Search,,,0,*REDACTED*,,,,,*REDACTED*,,,*REDACTED*,*REDACTED*,2019-12-02T20:52:12,,1,24,*REDACTED*,SecurityComplianceCenter,*REDACTED*,*REDACTED*,,
SearchViewed,*REDACTED*,*REDACTED*,Search,,,0,*REDACTED*,,,,,*REDACTED*,,,*REDACTED*,*REDACTED*,2019-12-02T20:52:14,,1,24,*REDACTED*,SecurityComplianceCenter,*REDACTED*,*REDACTED*,,
SearchViewed,*REDACTED*,*REDACTED*,Search,,,0,*REDACTED*,,,,,*REDACTED*,,,*REDACTED*,*REDACTED*,2019-12-02T20:52:14,,1,24,*REDACTED*,SecurityComplianceCenter,*REDACTED*,*REDACTED*,,
SearchViewed,*REDACTED*,*REDACTED*,Search,,,0,*REDACTED*,,,,,*REDACTED*,,,*REDACTED*,*REDACTED*,2019-12-02T20:52:19,,1,24,*REDACTED*,SecurityComplianceCenter,*REDACTED*,*REDACTED*,,
SearchViewed,*REDACTED*,*REDACTED*,Search,,,0,*REDACTED*,,,,,*REDACTED*,,,*REDACTED*,*REDACTED*,2019-12-02T20:52:19,,1,24,*REDACTED*,SecurityComplianceCenter,*REDACTED*,*REDACTED*,,
SearchPreviewed,*REDACTED*,*REDACTED*,SearchAction,,,0,*REDACTED*,,,,,*REDACTED*,,,*REDACTED*,*REDACTED*,2019-12-02T20:52:24,,1,24,*REDACTED*,SecurityComplianceCenter,*REDACTED*,*REDACTED*,,
SearchPreviewed,*REDACTED*,*REDACTED*,SearchAction,,,0,*REDACTED*,,,,,*REDACTED*,,,*REDACTED*,*REDACTED*,2019-12-02T20:52:24,,1,24,*REDACTED*,SecurityComplianceCenter,*REDACTED*,*REDACTED*,,
ViewedSearchPreviewed,*REDACTED*,*REDACTED*,SearchAction,,,0,*REDACTED*,,,,,*REDACTED*,,,*REDACTED*,*REDACTED*,2019-12-02T20:52:26,,1,24,*REDACTED*,SecurityComplianceCenter,*REDACTED*,*REDACTED*,,
ViewedSearchPreviewed,*REDACTED*,*REDACTED*,SearchAction,,,0,*REDACTED*,,,,,*REDACTED*,,,*REDACTED*,*REDACTED*,2019-12-02T20:52:26,,1,24,*REDACTED*,SecurityComplianceCenter,*REDACTED*,*REDACTED*,,
ViewedSearchPreviewed,*REDACTED*,*REDACTED*,SearchAction,,,0,*REDACTED*,,,,,*REDACTED*,,,*REDACTED*,*REDACTED*,2019-12-02T20:52:31,,1,24,*REDACTED*,SecurityComplianceCenter,*REDACTED*,*REDACTED*,,
ViewedSearchPreviewed,*REDACTED*,*REDACTED*,SearchAction,,,0,*REDACTED*,,,,,*REDACTED*,,,*REDACTED*,*REDACTED*,2019-12-02T20:52:31,,1,24,*REDACTED*,SecurityComplianceCenter,*REDACTED*,*REDACTED*,,
SearchUpdated,*REDACTED*,*REDACTED*,Search,,,0,*REDACTED*,,,,,*REDACTED*,,,*REDACTED*,*REDACTED*,2019-12-02T20:53:56,,1,24,*REDACTED*,SecurityComplianceCenter,*REDACTED*,*REDACTED*,,
SearchUpdated,*REDACTED*,*REDACTED*,Search,,,0,*REDACTED*,,,,,*REDACTED*,,,*REDACTED*,*REDACTED*,2019-12-02T20:53:56,,1,24,*REDACTED*,SecurityComplianceCenter,*REDACTED*,*REDACTED*,,
SearchViewed,*REDACTED*,*REDACTED*,Search,,,0,*REDACTED*,,,,,*REDACTED*,,,*REDACTED*,*REDACTED*,2019-12-02T20:53:57,,1,24,*REDACTED*,SecurityComplianceCenter,*REDACTED*,*REDACTED*,,
SearchStarted,*REDACTED*,*REDACTED*,Search,,,0,*REDACTED*,,,,,*REDACTED*,,,*REDACTED*,*REDACTED*,2019-12-02T20:53:57,,1,24,*REDACTED*,SecurityComplianceCenter,*REDACTED*,*REDACTED*,,
SearchViewed,*REDACTED*,*REDACTED*,Search,,,0,*REDACTED*,,,,,*REDACTED*,,,*REDACTED*,*REDACTED*,2019-12-02T20:53:57,,1,24,*REDACTED*,SecurityComplianceCenter,*REDACTED*,*REDACTED*,,
SearchViewed,*REDACTED*,*REDACTED*,Search,,,0,*REDACTED*,,,,,*REDACTED*,,,*REDACTED*,*REDACTED*,2019-12-02T20:53:57,,1,24,*REDACTED*,SecurityComplianceCenter,*REDACTED*,*REDACTED*,,
SearchStarted,*REDACTED*,*REDACTED*,Search,,,0,*REDACTED*,,,,,*REDACTED*,,,*REDACTED*,*REDACTED*,2019-12-02T20:53:57,,1,24,*REDACTED*,SecurityComplianceCenter,*REDACTED*,*REDACTED*,,
SearchViewed,*REDACTED*,*REDACTED*,Search,,,0,*REDACTED*,,,,,*REDACTED*,,,*REDACTED*,*REDACTED*,2019-12-02T20:53:57,,1,24,*REDACTED*,SecurityComplianceCenter,*REDACTED*,*REDACTED*,,
SearchViewed,*REDACTED*,*REDACTED*,Search,,,0,*REDACTED*,,,,,*REDACTED*,,,*REDACTED*,*REDACTED*,2019-12-02T20:54:00,,1,24,*REDACTED*,SecurityComplianceCenter,*REDACTED*,*REDACTED*,,
SearchViewed,*REDACTED*,*REDACTED*,Search,,,0,*REDACTED*,,,,,*REDACTED*,,,*REDACTED*,*REDACTED*,2019-12-02T20:54:00,,1,24,*REDACTED*,SecurityComplianceCenter,*REDACTED*,*REDACTED*,,
SearchViewed,*REDACTED*,*REDACTED*,Search,,,0,*REDACTED*,,,,,*REDACTED*,,,*REDACTED*,*REDACTED*,2019-12-02T20:54:05,,1,24,*REDACTED*,SecurityComplianceCenter,*REDACTED*,*REDACTED*,,
SearchViewed,*REDACTED*,*REDACTED*,Search,,,0,*REDACTED*,,,,,*REDACTED*,,,*REDACTED*,*REDACTED*,2019-12-02T20:54:05,,1,24,*REDACTED*,SecurityComplianceCenter,*REDACTED*,*REDACTED*,,
SearchPreviewed,*REDACTED*,*REDACTED*,SearchAction,,,0,*REDACTED*,,,,,*REDACTED*,,,*REDACTED*,*REDACTED*,2019-12-02T20:54:08,,1,24,*REDACTED*,SecurityComplianceCenter,*REDACTED*,*REDACTED*,,
SearchPreviewed,*REDACTED*,*REDACTED*,SearchAction,,,0,*REDACTED*,,,,,*REDACTED*,,,*REDACTED*,*REDACTED*,2019-12-02T20:54:08,,1,24,*REDACTED*,SecurityComplianceCenter,*REDACTED*,*REDACTED*,,
ViewedSearchPreviewed,*REDACTED*,*REDACTED*,SearchAction,,,0,*REDACTED*,,,,,*REDACTED*,,,*REDACTED*,*REDACTED*,2019-12-02T20:54:11,,1,24,*REDACTED*,SecurityComplianceCenter,*REDACTED*,*REDACTED*,,
ViewedSearchPreviewed,*REDACTED*,*REDACTED*,SearchAction,,,0,*REDACTED*,,,,,*REDACTED*,,,*REDACTED*,*REDACTED*,2019-12-02T20:54:11,,1,24,*REDACTED*,SecurityComplianceCenter,*REDACTED*,*REDACTED*,,
ViewedSearchPreviewed,*REDACTED*,*REDACTED*,SearchAction,,,0,*REDACTED*,,,,,*REDACTED*,,,*REDACTED*,*REDACTED*,2019-12-02T20:54:16,,1,24,*REDACTED*,SecurityComplianceCenter,*REDACTED*,*REDACTED*,,
ViewedSearchPreviewed,*REDACTED*,*REDACTED*,SearchAction,,,0,*REDACTED*,,,,,*REDACTED*,,,*REDACTED*,*REDACTED*,2019-12-02T20:54:16,,1,24,*REDACTED*,SecurityComplianceCenter,*REDACTED*,*REDACTED*,,
